<application>
  <component name="ProjectJdkTable">
    <jdk version="2">
      <name value="Python 3.8 (asdadsa)" />
      <type value="Python SDK" />
      <version value="Python 3.8.1" />
      <homePath value="C:\Users\Mañana\Desktop\asdadsa\Scripts\python.exe" />
      <roots>
        <classPath>
          <root type="composite">
            <root url="file://$Python$/DLLs" type="simple" />
            <root url="file://$Python$/Lib" type="simple" />
            <root url="file://$Python$" type="simple" />
            <root url="file://$USER_HOME$/Desktop/asdadsa" type="simple" />
            <root url="file://$USER_HOME$/Desktop/asdadsa/Lib/site-packages" type="simple" />
            <root url="jar://$USER_HOME$/Desktop/asdadsa/Lib/site-packages/setuptools-40.8.0-py3.8.egg!/" type="simple" />
            <root url="file://$USER_HOME$/Desktop/asdadsa/Lib/site-packages/pip-19.0.3-py3.8.egg" type="simple" />
            <root url="file://$USER_HOME$/.PyCharmCE2019.3/system/python_stubs/2026248927" type="simple" />
            <root url="file://$APPLICATION_HOME_DIR$/plugins/python-ce/helpers/python-skeletons" type="simple" />
            <root url="file://$APPLICATION_HOME_DIR$/plugins/python-ce/helpers/typeshed/stdlib/3" type="simple" />
            <root url="file://$APPLICATION_HOME_DIR$/plugins/python-ce/helpers/typeshed/stdlib/2and3" type="simple" />
            <root url="file://$APPLICATION_HOME_DIR$/plugins/python-ce/helpers/typeshed/third_party/3" type="simple" />
            <root url="file://$APPLICATION_HOME_DIR$/plugins/python-ce/helpers/typeshed/third_party/2and3" type="simple" />
          </root>
        </classPath>
        <sourcePath>
          <root type="composite" />
        </sourcePath>
      </roots>
      <additional ASSOCIATED_PROJECT_PATH="$USER_HOME$/PycharmProjects/untitled" />
    </jdk>
    <jdk version="2">
      <name value="Python 3.8 (Elturrito123)" />
      <type value="Python SDK" />
      <homePath value="C:\Users\Mañana\Desktop\Elturrito123\Scripts\python.exe" />
      <roots>
        <classPath>
          <root type="composite">
            <root url="file://$Python$/DLLs" type="simple" />
            <root url="file://$Python$/Lib" type="simple" />
            <root url="file://$Python$" type="simple" />
            <root url="file://$USER_HOME$/Desktop/Elturrito123" type="simple" />
            <root url="file://$USER_HOME$/Desktop/Elturrito123/Lib/site-packages" type="simple" />
            <root url="jar://$USER_HOME$/Desktop/Elturrito123/Lib/site-packages/setuptools-40.8.0-py3.8.egg!/" type="simple" />
            <root url="file://$USER_HOME$/Desktop/Elturrito123/Lib/site-packages/pip-19.0.3-py3.8.egg" type="simple" />
            <root url="file://$USER_HOME$/.PyCharmCE2019.3/system/python_stubs/1692553716" type="simple" />
            <root url="file://$APPLICATION_HOME_DIR$/plugins/python-ce/helpers/python-skeletons" type="simple" />
            <root url="file://$APPLICATION_HOME_DIR$/plugins/python-ce/helpers/typeshed/stdlib/3" type="simple" />
            <root url="file://$APPLICATION_HOME_DIR$/plugins/python-ce/helpers/typeshed/stdlib/2and3" type="simple" />
            <root url="file://$APPLICATION_HOME_DIR$/plugins/python-ce/helpers/typeshed/third_party/3" type="simple" />
            <root url="file://$APPLICATION_HOME_DIR$/plugins/python-ce/helpers/typeshed/third_party/2and3" type="simple" />
          </root>
        </classPath>
        <sourcePath>
          <root type="composite" />
        </sourcePath>
      </roots>
      <additional ASSOCIATED_PROJECT_PATH="$USER_HOME$/PycharmProjects/Elturrito123" />
    </jdk>
    <jdk version="2">
      <name value="Python 3.8" />
      <type value="Python SDK" />
      <version value="Python 3.8.1" />
      <homePath value="C:\Users\Mañana\AppData\Local\Programs\Python\Python38-32\python.exe" />
      <roots>
        <classPath>
          <root type="composite">
            <root url="file://$Python$/DLLs" type="simple" />
            <root url="file://$Python$/Lib" type="simple" />
            <root url="file://$Python$" type="simple" />
            <root url="file://$USER_HOME$/AppData/Roaming/Python/Python38/site-packages" type="simple" />
            <root url="file://$Python$/Lib/site-packages" type="simple" />
            <root url="file://$USER_HOME$/.PyCharmCE2019.3/system/python_stubs/-1546695560" type="simple" />
            <root url="file://$APPLICATION_HOME_DIR$/plugins/python-ce/helpers/python-skeletons" type="simple" />
            <root url="file://$APPLICATION_HOME_DIR$/plugins/python-ce/helpers/typeshed/stdlib/3" type="simple" />
            <root url="file://$APPLICATION_HOME_DIR$/plugins/python-ce/helpers/typeshed/stdlib/2and3" type="simple" />
            <root url="file://$APPLICATION_HOME_DIR$/plugins/python-ce/helpers/typeshed/third_party/3" type="simple" />
            <root url="file://$APPLICATION_HOME_DIR$/plugins/python-ce/helpers/typeshed/third_party/2and3" type="simple" />
          </root>
        </classPath>
        <sourcePath>
          <root type="composite" />
        </sourcePath>
      </roots>
      <additional />
    </jdk>
    <jdk version="2">
      <name value="Python 3.8 (Prueba123)" />
      <type value="Python SDK" />
      <version value="Python 3.8.1" />
      <homePath value="C:\Users\Mañana\Desktop\Prueba123\Scripts\python.exe" />
      <roots>
        <classPath>
          <root type="composite">
            <root url="file://$Python$/DLLs" type="simple" />
            <root url="file://$Python$/Lib" type="simple" />
            <root url="file://$Python$" type="simple" />
            <root url="file://$USER_HOME$/Desktop/Prueba123" type="simple" />
            <root url="file://$USER_HOME$/Desktop/Prueba123/Lib/site-packages" type="simple" />
            <root url="jar://$USER_HOME$/Desktop/Prueba123/Lib/site-packages/setuptools-40.8.0-py3.8.egg!/" type="simple" />
            <root url="file://$USER_HOME$/Desktop/Prueba123/Lib/site-packages/pip-19.0.3-py3.8.egg" type="simple" />
            <root url="file://$USER_HOME$/.PyCharmCE2019.3/system/python_stubs/-2122779231" type="simple" />
            <root url="file://$APPLICATION_HOME_DIR$/plugins/python-ce/helpers/python-skeletons" type="simple" />
            <root url="file://$APPLICATION_HOME_DIR$/plugins/python-ce/helpers/typeshed/stdlib/3" type="simple" />
            <root url="file://$APPLICATION_HOME_DIR$/plugins/python-ce/helpers/typeshed/stdlib/2and3" type="simple" />
            <root url="file://$APPLICATION_HOME_DIR$/plugins/python-ce/helpers/typeshed/third_party/3" type="simple" />
            <root url="file://$APPLICATION_HOME_DIR$/plugins/python-ce/helpers/typeshed/third_party/2and3" type="simple" />
          </root>
        </classPath>
        <sourcePath>
          <root type="composite" />
        </sourcePath>
      </roots>
      <additional ASSOCIATED_PROJECT_PATH="$USER_HOME$/PycharmProjects/Prueba123" />
    </jdk>
    <jdk version="2">
      <name value="Python 3.8 (2)" />
      <type value="Python SDK" />
      <version value="Python 3.8.1" />
      <homePath value="C:\Users\Mañana\AppData\Local\Programs\Python\Python38-32\python.exe" />
      <roots>
        <classPath>
          <root type="composite">
            <root url="file://$Python$/DLLs" type="simple" />
            <root url="file://$Python$/Lib" type="simple" />
            <root url="file://$Python$" type="simple" />
            <root url="file://$USER_HOME$/AppData/Roaming/Python/Python38/site-packages" type="simple" />
            <root url="file://$Python$/Lib/site-packages" type="simple" />
            <root url="file://$USER_HOME$/.PyCharmCE2019.3/system/python_stubs/-1546695560" type="simple" />
            <root url="file://$APPLICATION_HOME_DIR$/plugins/python-ce/helpers/python-skeletons" type="simple" />
            <root url="file://$APPLICATION_HOME_DIR$/plugins/python-ce/helpers/typeshed/stdlib/3" type="simple" />
            <root url="file://$APPLICATION_HOME_DIR$/plugins/python-ce/helpers/typeshed/stdlib/2and3" type="simple" />
            <root url="file://$APPLICATION_HOME_DIR$/plugins/python-ce/helpers/typeshed/third_party/3" type="simple" />
            <root url="file://$APPLICATION_HOME_DIR$/plugins/python-ce/helpers/typeshed/third_party/2and3" type="simple" />
          </root>
        </classPath>
        <sourcePath>
          <root type="composite" />
        </sourcePath>
      </roots>
      <additional />
    </jdk>
    <jdk version="2">
      <name value="Python 3.8 (3)" />
      <type value="Python SDK" />
      <version value="Python 3.8.1" />
      <homePath value="C:\Users\Mañana\AppData\Local\Programs\Python\Python38-32\python.exe" />
      <roots>
        <classPath>
          <root type="composite">
            <root url="file://$Python$/DLLs" type="simple" />
            <root url="file://$Python$/Lib" type="simple" />
            <root url="file://$Python$" type="simple" />
            <root url="file://$USER_HOME$/AppData/Roaming/Python/Python38/site-packages" type="simple" />
            <root url="file://$Python$/Lib/site-packages" type="simple" />
            <root url="file://$USER_HOME$/.PyCharmCE2019.3/system/python_stubs/-1546695560" type="simple" />
            <root url="file://$APPLICATION_HOME_DIR$/plugins/python-ce/helpers/python-skeletons" type="simple" />
            <root url="file://$APPLICATION_HOME_DIR$/plugins/python-ce/helpers/typeshed/stdlib/3" type="simple" />
            <root url="file://$APPLICATION_HOME_DIR$/plugins/python-ce/helpers/typeshed/stdlib/2and3" type="simple" />
            <root url="file://$APPLICATION_HOME_DIR$/plugins/python-ce/helpers/typeshed/third_party/3" type="simple" />
            <root url="file://$APPLICATION_HOME_DIR$/plugins/python-ce/helpers/typeshed/third_party/2and3" type="simple" />
          </root>
        </classPath>
        <sourcePath>
          <root type="composite" />
        </sourcePath>
      </roots>
      <additional />
    </jdk>
    <jdk version="2">
      <name value="Python 3.8 (Omint)" />
      <type value="Python SDK" />
      <version value="Python 3.8.1" />
      <homePath value="C:\Users\Mañana\Desktop\Omint\Scripts\python.exe" />
      <roots>
        <classPath>
          <root type="composite">
            <root url="file://$Python$/DLLs" type="simple" />
            <root url="file://$Python$/Lib" type="simple" />
            <root url="file://$Python$" type="simple" />
            <root url="file://$USER_HOME$/Desktop/Omint" type="simple" />
            <root url="file://$USER_HOME$/Desktop/Omint/Lib/site-packages" type="simple" />
            <root url="jar://$USER_HOME$/Desktop/Omint/Lib/site-packages/setuptools-40.8.0-py3.8.egg!/" type="simple" />
            <root url="file://$USER_HOME$/Desktop/Omint/Lib/site-packages/pip-19.0.3-py3.8.egg" type="simple" />
            <root url="file://$USER_HOME$/.PyCharmCE2019.3/system/python_stubs/-657192687" type="simple" />
            <root url="file://$APPLICATION_HOME_DIR$/plugins/python-ce/helpers/python-skeletons" type="simple" />
            <root url="file://$APPLICATION_HOME_DIR$/plugins/python-ce/helpers/typeshed/stdlib/3" type="simple" />
            <root url="file://$APPLICATION_HOME_DIR$/plugins/python-ce/helpers/typeshed/stdlib/2and3" type="simple" />
            <root url="file://$APPLICATION_HOME_DIR$/plugins/python-ce/helpers/typeshed/third_party/3" type="simple" />
            <root url="file://$APPLICATION_HOME_DIR$/plugins/python-ce/helpers/typeshed/third_party/2and3" type="simple" />
          </root>
        </classPath>
        <sourcePath>
          <root type="composite" />
        </sourcePath>
      </roots>
      <additional ASSOCIATED_PROJECT_PATH="$USER_HOME$/PycharmProjects/Omint" />
    </jdk>
    <jdk version="2">
      <name value="Python 3.8 (Omintt)" />
      <type value="Python SDK" />
      <homePath value="C:\Users\Mañana\Desktop\Omintt\Scripts\python.exe" />
      <roots>
        <classPath>
          <root type="composite">
            <root url="file://$Python$/DLLs" type="simple" />
            <root url="file://$Python$/Lib" type="simple" />
            <root url="file://$Python$" type="simple" />
            <root url="file://$USER_HOME$/Desktop/Omintt" type="simple" />
            <root url="file://$USER_HOME$/Desktop/Omintt/Lib/site-packages" type="simple" />
            <root url="jar://$USER_HOME$/Desktop/Omintt/Lib/site-packages/setuptools-40.8.0-py3.8.egg!/" type="simple" />
            <root url="file://$USER_HOME$/Desktop/Omintt/Lib/site-packages/pip-19.0.3-py3.8.egg" type="simple" />
            <root url="file://$USER_HOME$/.PyCharmCE2019.3/system/python_stubs/-1632342713" type="simple" />
            <root url="file://$APPLICATION_HOME_DIR$/plugins/python-ce/helpers/python-skeletons" type="simple" />
            <root url="file://$APPLICATION_HOME_DIR$/plugins/python-ce/helpers/typeshed/stdlib/3" type="simple" />
            <root url="file://$APPLICATION_HOME_DIR$/plugins/python-ce/helpers/typeshed/stdlib/2and3" type="simple" />
            <root url="file://$APPLICATION_HOME_DIR$/plugins/python-ce/helpers/typeshed/third_party/3" type="simple" />
            <root url="file://$APPLICATION_HOME_DIR$/plugins/python-ce/helpers/typeshed/third_party/2and3" type="simple" />
          </root>
        </classPath>
        <sourcePath>
          <root type="composite" />
        </sourcePath>
      </roots>
      <additional ASSOCIATED_PROJECT_PATH="$USER_HOME$/PycharmProjects/Omintt" />
    </jdk>
    <jdk version="2">
      <name value="Python 3.8 (Py_Omint)" />
      <type value="Python SDK" />
      <version value="Python 3.8.1" />
      <homePath value="C:\Users\Mañana\Desktop\Py_Omint\Scripts\python.exe" />
      <roots>
        <classPath>
          <root type="composite">
            <root url="file://$Python$/DLLs" type="simple" />
            <root url="file://$Python$/Lib" type="simple" />
            <root url="file://$Python$" type="simple" />
            <root url="file://$USER_HOME$/Desktop/Py_Omint" type="simple" />
            <root url="file://$USER_HOME$/Desktop/Py_Omint/Lib/site-packages" type="simple" />
            <root url="jar://$USER_HOME$/Desktop/Py_Omint/Lib/site-packages/setuptools-40.8.0-py3.8.egg!/" type="simple" />
            <root url="file://$USER_HOME$/Desktop/Py_Omint/Lib/site-packages/pip-19.0.3-py3.8.egg" type="simple" />
            <root url="file://$USER_HOME$/.PyCharmCE2019.3/system/python_stubs/-352948465" type="simple" />
            <root url="file://$APPLICATION_HOME_DIR$/plugins/python-ce/helpers/python-skeletons" type="simple" />
            <root url="file://$APPLICATION_HOME_DIR$/plugins/python-ce/helpers/typeshed/stdlib/3" type="simple" />
            <root url="file://$APPLICATION_HOME_DIR$/plugins/python-ce/helpers/typeshed/stdlib/2and3" type="simple" />
            <root url="file://$APPLICATION_HOME_DIR$/plugins/python-ce/helpers/typeshed/third_party/3" type="simple" />
            <root url="file://$APPLICATION_HOME_DIR$/plugins/python-ce/helpers/typeshed/third_party/2and3" type="simple" />
          </root>
        </classPath>
        <sourcePath>
          <root type="composite" />
        </sourcePath>
      </roots>
      <additional ASSOCIATED_PROJECT_PATH="$USER_HOME$/PycharmProjects/Py_Omint" />
    </jdk>
  </component>
</application>